{"cameraMode":{"drawMode":0,"name":"Shaded","section":"Shading Mode"},"sceneLighting":false,"audioPlay":false,"sceneViewState":{"showFog":true,"showMaterialUpdate":false,"showSkybox":false,"showFlares":true,"showImageEffects":true,"showParticleSystems":true},"in2DMode":false,"pivot":{"x":-2.3899152278900148,"y":0.6760023236274719,"z":2.8548808097839357},"rotation":{"x":-0.00873289629817009,"y":-0.9901668429374695,"z":0.12071199715137482,"w":-0.071809321641922},"size":0.8660287261009216,"orthographic":false}