{"cameraMode":{"drawMode":0,"name":"Shaded","section":"Shading Mode"},"sceneLighting":true,"audioPlay":false,"sceneViewState":{"showFog":true,"showMaterialUpdate":false,"showSkybox":true,"showFlares":true,"showImageEffects":true,"showParticleSystems":true},"in2DMode":false,"pivot":{"x":4.597988128662109,"y":-0.795318603515625,"z":-10.533882141113282},"rotation":{"x":0.04037174955010414,"y":0.8538578152656555,"z":-0.5146167278289795,"w":0.06699252128601074},"size":13.657350540161133,"orthographic":false}